text,create_time,digg_count,reply_comment_total,comment_language,user_nickname,user_id,comment_id,sentiment
Get as mustang broğŸ˜­,2024-06-07 20:40:55,16,0,en,â€,,7377833108299481898,neutral
for 34 k Just buy an used car for 10 k or less,2024-06-29 14:07:53,8,0,en,edocandelieri,,7385895641447596833,neutral
Fiat has messed up so many times,2024-06-03 06:49:38,7,0,en,MiniSkywalker,,7376134366101488416,negative
in italy that is around 28k euros,2024-06-09 08:53:39,7,0,en,Edoardo,,7378392942522008352,neutral
In italy it cost even less,2024-06-03 23:55:58,6,0,en,davide.de.vitiss,,7376399035743126305,neutral
yea... fiat died long ago,2024-06-27 11:01:31,6,0,en,La Panda Di TikTok,,7385105401942164256,neutral
"its not bad, worse than that",2024-06-03 18:47:42,6,0,en,Tommy,,7376319594464379681,negative
"guys that's not a real fiat, is a product from stellantis group.
a real fiat is not like that",2024-08-19 13:34:32,0,0,en,Lorevic95,,7404812521041068833,negative
"My mum bought one of these and i was so mad since it is such a ripoff for that amount of money, but â€œits a fiatğŸ¤ªâ€",2024-08-19 18:17:44,0,0,en,Max Muilwijk,,7404884090170573601,negative
here in italy its 21K,2024-06-04 14:54:15,0,0,en,Lello75,,7376630521142952737,neutral
"""neither heated nor ventilated"" ğŸ˜­ğŸ™",2024-07-28 22:12:56,0,0,en,baj.bajrami,,7396782163897041697,neutral
still prefer my Alfa Romeo Tonale Veloce ğŸ¤·â€â™‚ï¸,2024-06-02 17:59:38,119,8,it,Sebas Fortier,,7375936175737619205,neutral
at this point fiat is basically ruining the italian car industry,2024-06-16 23:50:08,0,0,en,gafos,,7381221576548811552,negative
Fiat = Worst brand e se,2024-07-26 21:12:25,0,0,en,LÌ½Í“OÌ½Í“RÌ½Í“iÌ½Í“ |â‚›â‚šâ‚’â‚œâ‚œâ‚›,,7396024375697687328,negative
Ferrari sold more cars than the 500e ğŸ’€ğŸ’€ğŸ’€ğŸ’€ğŸ’€,2024-06-06 19:44:48,0,0,en,Matteo Foscale,,7377447558434898721,negative
still prefer my lexus lfa ğŸ¤·ğŸ½ğŸ¤ŒğŸ½,2024-07-02 16:05:42,0,0,en,ğ–’ğ–†ğ–ğ–†ğ–‰ğ–,,7387039299013280544,positive
"500(â‚¬) is how much i would pay for that, and btw is â€œcinquecentoâ€ not â€œfivehundredâ€ ğŸ˜‰",2024-07-27 15:22:28,0,0,en,Manuel D'Angelo,,7396305294323991328,neutral
Still prefer my italian Maserati Quattroporte 2008 V8,2024-06-03 22:12:27,35,0,it,carswithdusan,,7376372392786494240,positive
built-in wifi? what?,2024-08-14 12:32:28,0,0,en,ğ˜ğ˜ªğ˜´ğ˜Ÿğ˜ğ˜ğ˜,,7402941087402722081,neutral
34k??? I would rather buy Lexus ls460,2024-06-02 17:50:59,6133,30,en,Ali,,7375933911938106143,negative
Fiat really saw the Mazda MX30 and said letâ€™s make something worse than that,2024-06-02 18:06:38,6417,23,en,HotDepressedDad,,7375937945724945194,negative
I was like ok that's acceptable for 19k but OVER 30K?? nah dude just get a model 3 at that point,2024-06-02 17:39:31,2309,44,en,Saucey,,7375930924460573482,negative
damn a golf cart got better range lol,2024-06-02 17:24:37,3649,11,en,This is the way,,7375927066221347627,neutral
FIAT = FIX IT AGAIN TERRY,2024-06-02 17:46:59,3165,8,en,BCB JAYğŸ”¥,,7375932874605921070,negative
2 things on why its bad. Its electric... and its a fiat 500,2024-06-03 00:03:58,966,15,en,No,,7376030047666537221,negative
you can get a tesla model 3 for about the same in the US with probable savings and its still 5x better,2024-06-02 17:23:43,393,33,en,sawyer,,7375926802496226090,positive
"My face at $19,000ğŸ™‚
My face at $34,000â˜¹ï¸",2024-06-03 00:47:27,435,5,en,Paul V,,7376041237210235678,negative
or you can buy a fiat 500 abarth for like $5k and have a lot of fun without breaking the bank,2024-06-02 17:28:45,281,6,en,user162351117029,,7375928151979311914,positive
You fooled me if this was 19 I was gonna be like I can excuse a lot of this but 34? Hell nah,2024-06-02 17:25:01,283,3,en,Lay,,7375927150015513386,negative
Too expensive too low milage too damn worst,2024-06-02 17:26:22,199,1,en,Terence Li,,7375927517272392490,negative
Guess weâ€™ll see a 365+ day stock of these now,2024-06-02 18:20:23,170,1,en,Swerve KH,,7375941473487225642,neutral
"34k for this?
Prices are getting out of hand lmao",2024-06-03 11:25:01,46,2,en,Mohamed Abdelhakim,,7376205575762707218,negative
Ima cop this car,2024-06-02 17:23:24,33,3,en,moonzğŸ‡µğŸ‡·ğŸ‡µğŸ‡·ğŸ‡µğŸ‡·,,7375926793268200234,positive
wouldnâ€™t be a bad commuter car for people that live in the city,2024-06-02 17:27:54,25,5,en,Torr,,7375927948682461982,neutral
"Imagine being a FIAT car salesman ğŸ˜‚ â€œThats right maam, the dash chimes!â€",2024-06-09 17:46:48,43,1,en,andres garcia jr,,7378530358420423467,neutral
This car is wildğŸ’€ it either needs to make like 400 miles of range or have double the horse powerğŸ˜­,2024-06-02 21:01:19,42,1,en,Aidan Miszcak,,7375982905272959790,negative
Kia Rio might be better,2024-06-02 23:23:01,39,1,en,TeroBaba,,7376019408199058218,neutral
For 19k you can get a used c class,2024-06-03 16:38:08,27,3,en,pureskillissueâ˜¦ï¸,,7376286185218065184,neutral
"Why only one cup holder I wonder, there was plenty of space there",2024-06-02 17:24:04,17,6,en,zane.mills.18,,7375926956505957162,neutral
even 19k is alot for it,2024-06-03 21:59:45,44,0,en,Frank,,7376369073214440238,neutral
"I own one a 2015 model. Love it. No problems. Bought it used 3 years later for 13k. Wait people, 34k is crazy!!!",2024-06-02 18:32:07,11,12,en,Ispeaksdahtruth,,7375944520599192351,positive
Your garage must be huge,2024-06-02 17:34:56,39,0,en,conorhunter,,7375929723292304170,positive
I didn't want to spend even five thousand dollars.ğŸ˜‚,2024-06-04 23:53:03,38,0,en,Jiban Chg,,7376769398910059310,negative
Do a Nissan 300 ZX,2024-06-03 04:20:07,26,1,en,DMB_33_33ğŸ¥¶ğŸˆğŸ¤‘,,7376096054070756127,neutral
whoâ€™s keeping fiat in business,2024-06-04 01:09:57,21,2,en,RIPBOZOâ€™ğŸ§¿,,7376417971759530785,neutral
i could get like 2 porsches with 34k,2024-06-20 08:32:51,25,1,en,â›³ï¸OliverğŸ“¸,,7382469474744779563,neutral
If you get a chance could you review the Ranger raptor!?,2024-06-02 22:47:45,25,1,en,Matthew_Epp,,7376010394328695583,neutral
Bro Fiat shouldâ€™ve just thrown me the money theyâ€™re losing on this,2024-06-03 03:55:32,20,2,en,Sean Wilkirson,,7376089719191339806,negative
Do a mini cooper,2024-06-03 04:59:22,35,0,en,Fernando Caudillo,,7376106121491120939,neutral
Fourth,2024-06-02 17:22:50,34,0,en,SteamyHoneyBuns,,7375926657372422958,neutral
What a waste of manufacturing costs,2024-06-05 14:43:03,34,0,en,CiscoğŸ’°â€¼ï¸,,7376998595780428586,negative
You mean the only trim offered on their website ğŸ‘€,2024-06-03 03:50:25,34,0,en,La Miki Menach,,7376088403232817951,neutral
commenting to stay on,2024-06-05 15:01:12,34,0,en,dc51801,,7377003362791375646,neutral
Posiblemente el coche mÃ¡s bello del mundo â¤ï¸es sencillamente perfecto.,2024-06-04 07:14:54,13,5,es,Moonmjf,,7376512040850801440,positive
Second ğŸ‘¾ğŸ‘¾,2024-06-02 17:21:50,33,0,en,Trip.joe,,7375926331312866094,neutral
You get this cool little Italian flagğŸ’€ğŸ˜‚,2024-06-03 06:34:35,23,1,en,MarvinSir3,,7376130641040524078,positive
funniest review you've done in a while ğŸ˜‚,2024-06-02 19:53:56,23,1,en,frenziedhawk,,7375965563271430954,positive
fix it again Tony,2024-06-02 21:19:58,22,1,en,Nick,,7375987739210892075,neutral
I think Iâ€™ll save my money and get a bus pass,2024-06-03 01:46:43,22,1,en,E,,7376056470750479147,neutral
Worth every penny,2024-06-03 20:14:06,31,0,en,Snap Factz ğŸŒ,,7376341871067317024,positive
If it had been $25k or less this wouldâ€™ve been acceptable but $30k+ is insulting for thisâ€¦,2024-06-02 22:44:19,31,0,en,Davonte Powell,,7376009479034962731,negative
"I saw 19k and thought â€œhuh, maybe a little highâ€â€¦ but $34k?!?!?",2024-06-03 09:55:40,31,0,en,Jo,,7376182262063350571,negative
I really love everything from the shifter up on that center stack very well designed,2024-06-03 01:19:41,21,1,en,Ethan Archuleta,,7376049543110214442,positive
BrooooğŸ¤£,2024-06-02 20:24:14,21,1,en,youhavetoremeber,,7375973421740360478,positive
That ğŸ’© bad but I know you just doing your job ğŸ˜‚ğŸ˜‚,2024-06-04 00:03:27,30,0,en,Poppa,,7376400971427234603,negative
Temu ahh car,2024-06-10 02:51:51,30,0,id,Antony,,7378670918744425222,neutral
that shifter is diabolical,2024-06-05 11:19:04,30,0,en,SebastiÃ¡n,,7376946068262552351,negative
"I bought a brand new, loaded fiat 500 turbo 5 speed back in 2013. And it was $19,000. I loved that car so sad this is what it is now.",2024-06-02 22:20:10,30,0,en,Noe Hernandez375,,7376003218139415339,negative
Unacceptable,2024-06-03 00:09:48,29,0,en,user6656923482916,,7376031531931140894,negative
Italy finally made a BS ğŸ˜‚,2024-06-02 19:50:28,29,0,en,Ullianov,,7375964658544624430,negative
Why did it only have one cup holder when there was room for two ğŸ’€,2024-06-04 06:20:29,29,0,en,Sierra K at Stormy Day Farms,,7376498152289583903,negative
It looks like that car from the black mirror episode nosedive,2024-06-03 05:23:53,20,1,en,jaythonalez,,7376112488029160223,negative
i love my fiat 500 but this oneğŸ˜­ they ruined the beautiful design it had before,2024-06-03 10:47:03,12,4,en,Mila,,7376195761883529990,negative
You could actually afford a Camry for 34k mo even worth it,2024-06-02 21:01:25,28,0,en,Zamylt,,7375983008304612101,neutral
No wayyyyyy not worth it,2024-06-03 11:22:39,28,0,en,Justin Truedson,,7376204658422088494,negative
ğŸ˜‚ğŸ˜‚ğŸ˜‚ğŸ˜‚,2024-06-02 17:26:30,27,0,un,R.Ayala,,7375927568958440235,neutral
chevy bolt >,2024-06-24 06:10:31,27,0,en,brae,,7383917273973932830,neutral
Review gr86 bro,2024-06-02 23:06:06,27,0,en,Ismael143,,7376015140271178501,neutral
34k and just one cup holder??,2024-06-04 15:29:04,27,0,en,Leandro ZÃºniga,,7376639551999247110,neutral
"Imagine driving, reaching for the ac control, and pressing the reverse button ğŸ’€",2024-06-04 09:46:18,26,0,en,Erick,,7376551063006593823,neutral
I would have laughed so hard if the video just ended when you said or is it ğŸ˜‚,2024-06-02 20:13:52,26,0,en,Kcorb_mgfm,,7375970765344097055,positive
It looks cool I can give it that muchâ€¦ but I canâ€™t give it much elseâ€¦,2024-06-04 02:34:17,26,0,en,Sean Seilheimer,,7376439894891070238,positive
I think I get more out of my 2009 Chevy traverse,2024-06-03 15:46:31,18,1,en,Gabe,,7376272846866662175,neutral
This whole review had me rolling ğŸ’€ and the comments.,2024-06-03 07:00:55,24,0,en,Veronica L,,7376137468900901662,negative
Fiat/Dodge/chrysler really doubling down on making cars that nobody wants.,2024-06-02 21:42:18,24,0,en,triple_risky,,7375993507340124958,negative
Fiat asking you bailout moneyğŸ˜ğŸ˜ğŸ˜ that tiny thing should be below $10k!!! Would rather get Mitsubishi Mirage,2024-06-02 18:26:20,13,2,en,RockNation,,7375943050515989253,negative
Fiat is one of the worst cars if not the worst just like Nissan,2024-06-03 05:57:37,16,1,en,Michel Cuba ğŸ‡¨ğŸ‡º,,7376121131378148139,negative
its a fiat 500 of course its bad,2024-06-03 07:00:55,16,1,en,Ozayr Ishfaq,,7376137267465601824,negative
Absolutely no reason for FIAT to be blasted all over the seats ğŸ˜‘,2024-06-07 00:52:07,23,0,en,Exotic Motors DSNY,,7377526735741354795,negative
And we wonder why stellantis is on hospiceâ€¦,2024-06-06 03:19:10,23,0,en,maw065,,7377193577293071134,negative
I got a C5 for 16kğŸ˜­,2024-06-03 01:57:30,23,0,en,edeserd0,,7376059275204166446,neutral
what does Forrest Jones drive?,2024-06-03 05:52:38,23,0,en,Marlom,,7376119911753614111,neutral
where u find it got 19k,2024-06-06 18:35:01,23,0,en,Chase Vagas,,7377429590841426719,neutral
this might be the worst vehicle to come out of stellantis in the last 10 years,2024-06-03 05:48:30,22,0,en,J Breezy,,7376118823311475486,negative
fiat 500x is better,2024-06-29 13:10:37,22,0,en,Arianashartedherpampers,,7385879836488794926,neutral
cooler is definitely one way to put it,2024-06-03 10:14:25,22,0,en,Garrett :),,7376187135307760415,neutral
iâ€™m only liking this cuz itâ€™s forrest,2024-06-02 18:49:54,22,0,en,ariel acosta619,,7375949067816190762,positive
Fiat still making cars?,2024-06-02 17:36:24,22,0,en,Dmp95,,7375930131310101278,neutral
honestly its probably super fun to drive,2024-06-02 23:00:44,15,1,en,BreadBank SQ,,7376013739935499050,positive
ğŸ’€ğŸ’€ğŸ’€,2024-06-03 04:32:34,21,0,un,zw1nston,,7376099218128110379,negative
Do the corvette c8,2024-06-03 22:28:34,21,0,en,Mateo Maldonado,,7376376544644285215,neutral
Is it me or is that a Mopar logo in the front trunk?,2024-06-03 23:43:10,21,0,en,RavioliXColorado,,7376395763380945710,neutral
Fail fail fail fiat,2024-06-19 11:51:01,21,0,fr,partyplannerr,,7382149252993975086,negative
hard no,2024-06-03 17:36:36,21,0,en,billmckinney0,,7376301220275520302,neutral
New car without heated or cool seats Iâ€™m good,2024-06-03 19:44:10,21,0,en,unknownescalade,,7376334137697157930,positive
"I love my Abarth 595, what is this",2024-06-29 16:55:39,21,0,en,Michael Recupido,,7385938886249169710,positive
ğŸ˜­,2024-06-02 22:53:49,21,0,un,Se.Tabari,,7376011902705943338,neutral
not bad? my stellantis training and mastertech articles say otherwise,2024-06-03 23:41:24,21,0,en,joshuaglasford,,7376395265597408043,neutral
Fiat never finna send the boy another car to review ğŸ˜‚ğŸ˜‚,2024-06-04 01:50:11,21,0,en,Barry McCockner,,7376428429243548462,negative
This got to be money laundering scheme,2024-06-02 21:57:58,14,1,en,Morgan,,7375997554036753195,negative
This makes the bZ4x look likeâ€¦.an actual good car,2024-06-03 08:47:21,14,1,en,Bry,,7376164803587326750,positive
iâ€™m buying a kia before i buy a fiat,2024-06-03 08:29:14,20,0,en,kollernathan,,7376160151068607263,neutral
That price would make sense if it was the abarth E plus another 83 horsepower,2024-06-02 17:28:42,20,0,en,Seth,,7375928149194195754,neutral
Oof,2024-06-02 17:23:44,20,0,en,DaltonButOnline,,7375926849061421866,neutral
is this inflation??,2024-06-02 17:25:30,20,0,en,Lawson_35ğŸ’®,,7375927376150250271,neutral
Hell no,2024-06-03 04:03:24,20,0,en,Amanda,,7376091764316324639,negative
I would rather get a camry in that price or Elantra N,2024-06-05 21:47:33,20,0,en,Huzaifa,,7377108135875756842,neutral
This the equivalent to a puma t shirt,2024-06-03 20:34:42,19,0,en,Tannerpace04,,7376347182309917470,negative
19k is still expensive thoughâ€¦..,2024-06-04 04:46:48,19,0,en,Carl,,7376474015652086558,negative
The gear selector is the craziest thing,2024-06-25 01:38:48,19,0,en,user7297203590671,,7384218307612558126,negative
It looks like itâ€™s planning something devious,2024-06-02 21:45:09,19,0,en,djak,,7375994272548193055,negative
In 2022 fiat sold less than 1000 cars in the entire US how are they still around,2024-06-02 18:15:22,18,0,en,Aids,,7375940176727032607,negative
Wireless chargers are modern car ash trays,2024-06-06 08:45:56,18,0,en,Caden Mikulak,,7377277726267392798,neutral
the no mirror in the sun visor is so you can't look at the fool that paid 34k for that ğŸ˜‚,2024-06-02 21:49:31,18,0,en,jonathanvaladez68,,7375995413268103966,negative
I lowkey like the regular one. I think thatâ€™s one of my red flags?,2024-06-21 02:06:41,18,0,en,Shawonnn,,7382741212153135902,neutral
Fiat is still making cars?,2024-06-02 20:08:32,18,0,en,JETLoyalist,,7375969391378334494,neutral
No :/,2024-06-02 19:00:36,18,0,en,Danpalmtree,,7375951856658301738,negative
that's actually terrible,2024-06-03 13:13:40,18,0,en,Moises Latan,,7376233358462698282,negative
"So many plot twists! But yeah, thatâ€™s bad.",2024-06-04 14:15:42,18,0,en,Patrick Dugan,,7376620463831614250,negative
SINGLE CUP HOLDER?!?!,2024-06-02 21:02:05,18,0,en,Jet_A,,7375983188893778719,neutral
I remember the lease deals were like $50 a month for first gen,2024-06-06 04:50:30,18,0,en,_Moisays,,7377217104713237294,neutral
You got me at the end.,2024-06-02 17:55:08,17,0,en,RagabashRyan,,7375934939240055595,positive
Someone at Fiat really thought â€œthis could sellâ€ ğŸ¤£,2024-06-03 08:08:57,17,0,en,Kev,,7376154931252921119,neutral
Dat is bad!!!! ğŸ˜‚ğŸ˜‚ğŸ˜‚,2024-06-03 22:07:04,17,0,en,Bret STABLER,,7376370986117186346,negative
Iâ€™ll keep my 13 Fiat gas thank you.,2024-06-08 19:32:16,17,0,en,Ryan Farrell,,7378186554579338015,neutral
The polite shade being thrown â˜ ï¸,2024-06-05 16:29:49,17,0,en,Travis Boettcher,,7377026237824975646,negative
Stellantis is the worst man,2024-06-02 18:37:19,17,0,en,.,,7375945880501011231,negative
The fiat 500e is already 2 years old. you can better buy a abarth 500 e,2024-06-03 11:16:57,17,0,en,â€¢Jay_024â€¢,,7376203227098399520,negative
Only one cup holder cuz if you drive that thing youâ€™ll have no passengers,2024-06-20 13:58:16,17,0,en,HRK Phantom,,7382553366277374750,neutral
Shoulda just stuck to making the multi air and the abarths,2024-06-29 04:28:22,17,0,en,SloweRacing,,7385746360718672670,neutral
That is the biggest joke of a car.,2024-06-04 05:27:50,17,0,en,Brad Jones,,7376484536387994410,negative
Itâ€™s the adult version of that red and yellow Little Tikes Cozy Coupe.,2024-06-02 21:25:20,17,0,en,Bryan Bingham978,,7375989132348736299,neutral
Single cup holder ğŸ˜‚,2024-06-02 21:17:39,17,0,en,tacomeat9,,7375987194470679327,neutral
2000s cars,2024-06-03 16:12:10,17,0,en,.,,7376279499858346783,neutral
Ahhhh Chrysler,2024-06-02 22:06:30,17,0,en,Wade Trieller,,7375999702211314478,neutral
This a joke right?,2024-06-02 17:24:09,17,0,en,Ryan,,7375926921616130862,neutral
Oh god,2024-06-03 22:30:36,17,0,en,solaz,,7376377051358528287,neutral
fiat continues to disappoint,2024-06-02 19:23:37,17,0,en,Brenden,,7375957757122626350,negative
gyat 500e,2024-06-20 17:42:08,16,0,hi,ğ“¨ ğŸ¦‡,,7382611177031402271,neutral
Nope.,2024-06-02 22:33:46,16,0,en,user168801451565,,7376006788829774622,neutral
Issa no for me dawg,2024-06-02 17:26:18,16,0,en,Jayâ™¥ï¸,,7375927488919405354,negative
I smell money laundering ğŸ˜­ğŸ˜­ğŸ˜­ğŸ˜­ğŸ˜­,2024-06-03 06:05:04,16,0,en,a.k_4632,,7376123042236285739,negative
"They removed so many good things and made it cost 34k?!
my 2006 Elantra has better options",2024-06-05 15:46:32,16,0,en,joshuacantd,,7377015026156634922,negative
"They can take it back for 35,000 hell no",2024-06-02 20:00:11,16,0,en,Jaxcar_spot,,7375967179307270954,negative
Looks like it was made in the 2000s but not in a good way,2024-06-02 17:28:44,16,0,en,_crucifym3_,,7375928158300160811,negative
"Whatever department that looked at this and said â€œyeah, 34,000 is good priceâ€. I want to take a long drag of that stuff.",2024-06-02 20:53:30,16,0,en,Hunter,,7375980903351255851,negative
So many twists & turns at the end ğŸ˜­ğŸ¤£,2024-06-02 20:32:26,11,1,en,FrackinZane,,7375975528807432990,neutral
Should make a video of the new Dodge Hornet GT,2024-06-03 17:10:12,15,0,en,Slides,,7376294510134870814,neutral
ğŸ˜„ it's bad!,2024-06-02 17:51:41,15,0,en,oldeezey,,7375934071886758699,negative
That is going to sell very well i know it is,2024-06-02 17:40:26,15,0,en,moswald17,,7375931101209396011,positive
HP and range is the roughly the same as the gas counterpart? Thereâ€™s nothing remotely better about this 500 than the previous versions,2024-06-02 17:26:42,15,0,en,John J. Doherty,,7375927581122937642,negative
Fiat more like gyatt,2024-06-02 17:22:12,15,0,en,Brandon :),,7375926510240285471,neutral
Making their best selling model EV only was a wild choice,2024-06-04 09:31:04,15,0,en,Flopabttmus,,7376547176568374049,neutral
ğŸ˜‚ğŸ˜‚,2024-06-02 19:26:45,15,0,un,Quick757,,7375958536449622827,neutral
ğŸ˜‚ğŸ˜‚ğŸ˜‚ğŸ˜‚,2024-06-04 03:59:23,15,0,un,Alex,,7376461804232393514,neutral
for 19k iâ€™d rather get a brz,2024-06-02 17:54:27,15,0,en,suge light,,7375934764862063402,neutral
hell nah bruhğŸ˜­,2024-06-02 23:10:00,8,2,en,Spectralmarcusmk3,,7376016073018229547,negative
Nee nee het is elektrisch hahah maar dat muziekje is wel leuk ğŸ¤£,2024-06-04 21:28:59,8,2,nl,esmÃ©e ğŸŒ¸,,7376732265965257504,neutral
I LOVE YOU FIAT 500EP,2024-06-03 03:48:56,8,2,en,EtiğŸ§¬,,7376088030640161542,positive
Can buy a brand new model y for less ğŸ˜­than,2024-06-03 14:16:14,10,1,en,Ianfishh,,7376249470803395374,neutral
At this point get a mini,2024-06-03 01:34:44,10,1,en,Alfredo Torres,,7376053391833383722,neutral
Iâ€™m sure the car will sell for a lot less than MSRP tho. This is a best selling car in Europe. Iâ€™m gonna buy one ğŸ™ğŸ˜…,2024-06-03 09:31:13,10,1,en,Hash,,7376176149669479198,positive
third,2024-06-02 17:22:30,14,0,en,ğŸ§,,7375926502911591214,neutral
"those would've sold like hotcakes at 19k, 32k for an egg when a bolt gets 200 plus miles for cheaper?",2024-06-04 15:06:39,14,0,en,steven â™¡,,7376633598470619946,neutral
Yea this car is for someone with a lot of cats ğŸ¤£ğŸ¤£,2024-07-07 18:17:14,14,0,en,DeeJay1ofWun,,7388928636299559711,neutral
Please review an abarthğŸ™,2024-06-02 19:38:21,14,0,en,Mason,,7375961571224552234,neutral
For that same price just get a non EV like a Kia or sum,2024-06-02 17:26:25,14,0,en,TheRealMuney,,7375927591318176543,neutral
cozy,2024-06-02 17:24:39,14,0,en,moe,,7375927113821831979,positive
They can't get away with thisğŸ˜­,2024-06-02 19:20:03,9,1,en,Trizzleiv,,7375956859269055262,negative
Bro do be pointing,2024-06-03 00:08:02,9,1,en,James,,7376031051334271787,neutral
I thought 19k was a bit to much ğŸ¤” but now this is the next dodge hornet for sure ğŸ˜…,2024-06-03 07:47:27,9,1,en,Joe crx 1988,,7376149456645063455,neutral
"Damn, thatâ€™s a lot of nope for a massive price tag. I love paying extra for nope.",2024-06-02 20:46:54,9,1,en,Tater_Tots_Salad,,7375979250543985439,negative
Rather get a used Tesla model 3ğŸ’€ğŸ™,2024-06-03 02:33:05,9,1,en,dummi_boiii,,7376068457848521515,neutral
Fiat is losing money gang ğŸ˜­ğŸ™,2024-06-03 07:45:00,13,0,en,NickLuvsrice,,7376148753727046430,negative
34K for 100 HP is insanity,2024-06-03 04:42:57,13,0,en,Phillip J,,7376101931519722270,negative
They crazy... Wasted R&D,2024-06-03 14:08:35,13,0,en,OGBootsy,,7376247479900275498,negative
FYAT,2024-06-06 11:53:26,13,0,ms,Bran M,,7377326027184063265,neutral
"Oh my god, 34 bands for a car without heated seats",2024-06-26 01:17:06,13,0,en,LEMON MAZTER,,7384583872727483167,negative
I was tempted with $19K but for $34K. Hell no. What were they thinking,2024-06-02 17:31:31,13,0,en,mp1845,,7375928854449799979,negative
BRO THATS 34K???,2024-06-10 07:55:51,13,0,en,im_missingchromosomes,,7378749099813094190,neutral
Itâ€™s like Stellantis is on a speed run to bankruptcy,2024-06-03 03:29:16,13,0,en,MJive,,7376082937924567854,negative
Early,2024-06-02 17:25:12,12,0,en,tristanlwatson,,7375927217681761067,neutral
BYD Dolphin mini is way better and lower price then this,2024-06-04 06:04:55,12,0,en,RF,,7376494138441237278,positive
Why would u buy this for that much? You can buy a way better car for a fraction of the price thatâ€™s a few years older,2024-06-29 16:41:57,12,0,en,ğŸ¸CamğŸª,,7385935262814552863,negative
you could almost buy a Santa Fe hybrid for that much! Much more room plus it can hold more people!,2024-06-17 19:27:15,12,0,en,adodgeviper,,7381524932394402602,positive
Why even make that just to lose money,2024-06-03 16:24:35,12,0,en,Carlos28,,7376282684148876062,negative
Neither heated nor ventilated ğŸ˜‚,2024-06-28 23:59:00,12,0,en,Haydon,,7385676909256540959,neutral
Can you do a x3m40i,2024-06-02 23:06:23,12,0,en,Alex,,7376015212950160158,neutral
ğŸ¤£,2024-06-02 18:04:53,12,0,un,ğŸ’°,,7375937423615034155,neutral
Neither heated nor ventilated ğŸ¤£ğŸ¤£ğŸ¤£,2024-06-02 21:30:07,8,1,en,Christopher Matos,,7375990417399055134,neutral
Just crazy ğŸ˜³ğŸ˜³ğŸ˜³,2024-06-03 05:11:51,8,1,en,Nelson Brito,,7376109370298041130,neutral
Fiat decided their reputation was too good,2024-06-02 19:56:18,8,1,en,Mack,,7375966189237551918,neutral
Fiat on their way to make a car with 0 sales,2024-06-02 20:22:07,8,1,en,Totallyâ€‚Notâ€‚Gio,,7375972822500557611,negative
At least is cheaper than a Nissan Leaf ğŸ˜¬,2024-06-03 00:30:31,8,1,en,Alexis ğŸ‡µğŸ‡·,,7376036867602957086,neutral
So amazing ğŸ¤©,2024-06-02 19:56:20,8,1,en,Shaun F,,7375966198553887519,positive
Still not worth it for 19k. I wonder who will buy.,2024-06-03 00:17:39,6,2,en,..Fm_baba,,7376033536951091974,negative
What does that look like Baymax?,2024-06-03 09:26:08,6,2,en,Add your name,,7376174622549836587,neutral
Add 5k buy used model 3,2024-06-29 06:11:00,11,0,en,Ninjamove22,,7385772777860711214,neutral
But why even make it if none of it makes any senseâ€¦150 miles of range is ğŸ’©,2024-06-02 19:14:13,11,0,en,Keith Webb,,7375955355191722782,negative
Blinkers ğŸ¤£,2024-06-02 18:02:59,11,0,en,Harvey Wattleworth,,7375936960861831968,neutral
Waste of time money and effort,2024-06-04 02:54:17,11,0,en,lsx.kami,,7376445024177029930,negative
I get itâ€™s electric and all but whatâ€™s with these companies not adding grills? Personally I think it makes it look lifeless,2024-06-03 21:59:45,11,0,en,~~Oscar~~,,7376369075717833505,negative
Fix it again tony ğŸ’€ğŸ˜‚,2024-06-23 02:29:25,11,0,en,dougiecipote503,,7383489226778395423,negative
19k would have been so decent ğŸ˜«,2024-06-23 05:47:22,11,0,en,PKMNcast | Steve,,7383540147000869674,negative
Iâ€™d pay $30 max,2024-06-02 20:10:02,11,0,en,Looke,,7375969743389705002,neutral
Bruh,2024-06-09 04:43:42,11,0,en,Alex,,7378328662187197215,neutral
"a model 3 tesla new is 34,999. that crazy for a fiat",2024-06-24 20:53:05,11,0,en,billy,,7384144720899506975,neutral
if iâ€™m not wrong you can buy a fully loaded new chevy trax for 28kâ€¦,2024-06-21 17:01:00,11,0,en,Crystal NB,,7382971550780572458,neutral
"I saw a fiat get rear ended on the freeway once, sorry thatâ€™s a hard pass",2024-06-21 22:28:37,11,0,en,Ricckkkkyboy,,7383056079112749854,negative
itâ€™s incredible how i know the smell of the car from hereğŸ’€ğŸ’€ğŸ’€,2024-06-02 18:10:35,11,0,en,afonso,,7375938948956996385,negative
Iâ€™ll take my Elantra N over this for sure ğŸ¤£ğŸ¤£,2024-06-03 12:26:10,7,1,en,Michael Faiman,,7376221080656151338,positive
Only one cup holder is diabolical lol,2024-06-02 17:43:29,7,1,en,ipauk,,7375932024932238086,negative
Neither heated or ventilated killed meğŸ˜…ğŸ’€,2024-06-03 00:31:26,7,1,en,RyeinBee,,7376037081171673862,negative
How are they still in business is all Iâ€™m trying to figure out ğŸ’€ğŸ˜­,2024-06-02 19:41:34,7,1,en,Caden ğŸ§‘â€â¤ï¸â€ğŸ’‹â€ğŸ§‘,,7375962412800049951,negative
"Man, Iâ€™m not trying to be disconnected from how much cars actually cost these daysâ€¦But when is Stellantis going to learn to competitively/accurately price their cars?? Nuts",2024-06-03 04:02:02,7,1,en,cloudycucumber,,7376091375845081862,negative
"Not gonna lie, you had me at 19k",2024-06-02 20:03:25,7,1,en,Afnan Tayyab ğŸ‰ | Ø£ÙÙ†Ø§Ù† Ø·ÙŠØ¨ ğŸ‰,,7375967818372694805,neutral
NAAA WASNT EXPECTING THAT,2024-06-03 14:56:56,7,1,en,Gabe,,7376260175269544720,negative
MKBHD be feeling the same.,2024-06-03 00:16:20,7,1,en,Ellia Ivy McLeod,,7376033182334911274,neutral
Whatâ€™s the 0-60?,2024-06-02 17:23:51,7,1,en,ã€ï¼°R ã€‘,,7375926933642642209,neutral
Bruhh,2024-06-02 17:50:47,10,0,en,Luis,,7375933870132265770,neutral
Damn nothing positive about the car lol,2024-06-04 04:37:47,10,0,en,Chuckyjjb2324,,7376471656969093934,negative
a kia rio is literally all of this +more for half the price,2024-06-02 21:59:32,10,0,en,angelina,,7375997956401709854,neutral
ğŸ’€ğŸ’€ğŸ’€ dead,2024-06-02 19:46:55,10,0,en,Star Geek Lizard,,7375963773440328494,negative
34 can get you a used Yukon Denali with a 6.2 ğŸ˜…,2024-06-02 17:43:02,10,0,en,Macâ€™NCheeks,,7375931788345279274,neutral
No thanks,2024-06-03 17:16:55,10,0,en,Tadehh,,7376296121697993518,neutral
no good.,2024-06-02 23:05:18,10,0,en,Leonardo Padare,,7376014918271615774,negative
Iâ€™d rather have an electric smart car,2024-06-02 18:45:06,10,0,en,The Grammar Gestapo,,7375947798028567339,neutral
$34k itâ€™s got less than my Chevy spark has and I paid $12k for it,2024-06-03 01:51:18,10,0,en,Datslowspark,,7376057705079472927,neutral
we said psyche at the same time it's getting uncanny at this point,2024-06-02 17:50:42,10,0,en,kev,,7375933870228914975,neutral
Just get a ford maverick for the same price bruh ğŸ˜­ğŸ˜­ğŸ˜­ğŸ˜­,2024-06-03 14:22:27,9,0,en,Tard_5.3,,7376251240977580831,negative
this may be the worst electric vehicle on the market,2024-06-02 18:08:45,9,0,en,DSyr,,7375938499369796383,negative
"Forrest, Which of the cars you have tested makes the least sense, this fiat 500e or the Toyota Mirai hydrogen powered?",2024-06-03 06:09:21,9,0,en,Rob Palermo49,,7376124160051266347,negative
that visor is worse... my 2016 f150 comes with the vanity mirrors but no vanity lights...,2024-06-02 20:19:50,9,0,en,Marc Figueroa,,7375972271532114718,negative
for that price just buy a used ford like an explorer bronco or legit any ford over that pos,2024-07-02 09:14:07,9,0,en,Koen Haas,,7386933089207927594,negative
id rather go to a Diddy party ğŸ˜…,2024-06-03 06:31:50,9,0,en,Ray Woods,,7376129967903490859,neutral
"at $19K i was like ""Oh ok"". $34K?? why would ANYONE buy that???",2024-06-03 00:01:19,9,0,en,Jesh,,7376029346537931562,negative
naaah,2024-06-02 21:08:52,9,0,tl,saanu ki,,7375984886018818859,neutral
and itâ€™ll break in a month,2024-06-03 03:41:43,9,0,en,vik,,7376086110677648174,negative
I luv my only fiat but I like these one too,2024-06-09 18:05:32,9,0,en,MuÃ±equitos10,,7378535188626604842,positive
what is that gear selector ğŸ˜­,2024-06-02 23:59:33,9,0,en,Cosm1c.Mess.Art,,7376028819740492590,negative
19k is not even acceptableğŸ˜­ğŸ˜­ğŸ˜­,2024-06-02 19:37:51,9,0,en,crazymf,,7375961458771657503,negative
"I thought 19k was too much but 34k, that's madness.",2024-06-02 23:30:30,9,0,en,tililanena,,7376021395430179627,negative
They done added eyebrows,2024-06-05 20:39:24,9,0,en,TrÃ© ğŸ¦…,,7377090593861731103,neutral
Mkhd said it was not with apple car play ?,2024-06-02 22:02:46,6,1,en,bellow_wellow,,7375998817235190560,neutral
"you said 19k and I said ""alright makes sense"". then my jaw dropped ğŸ˜…",2024-06-03 12:57:19,6,1,en,atm__24,,7376229005779698478,neutral
telling me it got built in wifi but not a second cup holder,2024-06-03 03:27:08,6,1,en,Andrew,,7376082387387908907,neutral
this is the funniest yet,2024-06-02 17:52:17,6,1,en,MrKenshinHimura97,,7375934249750348576,positive
Fiat with their ridiculous pricesğŸ˜¡ğŸ’€,2024-06-03 00:01:13,6,1,en,JAY_KIID,,7376029274833683205,negative
34k with that little range? Ah FiatğŸ˜­ğŸ˜­ğŸ˜­,2024-06-02 23:12:02,6,1,en,Si,,7376016645242422022,negative
I think fiat missed the mark when they heard the word minimalistic design,2024-06-03 00:25:52,6,1,en,Ryan,,7376035693287490309,negative
The amount of people that donâ€™t finish the video is concerning to me,2024-06-03 01:16:58,6,1,en,jessemast135,,7376048859548877574,negative
sounds like a Christmas chime,2024-06-03 01:00:14,6,1,en,Phil McGroin,,7376044450630124289,neutral
we â¤ï¸fiat,2024-06-03 01:49:35,6,1,en,8onsai,,7376057058648818464,positive
This is a completely normal car.,2024-06-03 15:43:21,6,1,en,BeenJammin,,7376272051675792171,neutral
Oras are so much better,2024-06-02 20:57:48,6,1,en,Wijken,,7375982053513200416,positive
it's fiat i am not surprizes,2024-06-02 20:33:28,6,1,en,omri rozenbloom,,7375975773683843856,neutral
34K ğŸ˜­,2024-06-03 02:54:03,8,0,en,UnsealedFrog90,,7376073850399114030,negative
Iâ€™ll pay for 50k for it tbhğŸ’ğŸ¼,2024-06-03 00:01:05,8,0,en,george_washington_roblox,,7376029282664055583,neutral
Looks like a car you would buy at ross,2024-06-02 17:26:14,8,0,en,"MD-PhD, Dr. Lofty",,7375927487618646826,neutral
ĞĞ¼Ğ¾Ğ±Ğ¸Ğ»ÑŒ,2024-06-03 14:36:36,8,0,ru,Na_ysh,,7376254850155692831,neutral
ğŸ’€$!,2024-06-03 17:38:15,8,0,un,Ed Bryant,,7376301708295471902,negative
You got me at the end ğŸ’€,2024-06-02 17:49:07,8,0,en,ZacheyB,,7375933371716731694,neutral
Ooof I donâ€™t see them selling more than 50 of these,2024-06-02 18:03:17,8,0,en,andrew.thinks,,7375937085519954719,negative
The shade haha,2024-06-02 20:57:27,8,0,en,DrFormerLover,,7375981890267251499,neutral
Whatttttt,2024-06-02 18:09:38,8,0,en,MilÃ¡n CristÃ³bal,,7375938687336874794,neutral
Please sir forest jones FLOOR IT 0-60,2024-06-02 19:48:34,8,0,en,TğŸ–¤,,7375964243063341854,neutral
149 that a quarter and a half of gasğŸ˜­ğŸ˜­ğŸ˜­,2024-06-06 07:42:08,8,0,en,Sam,,7377261302236971807,negative
so a Fiat or Volvo ex30???,2024-06-03 16:18:45,8,0,en,Jeff Doyle,,7376281103934194478,neutral
Single cup holder is crazy ğŸ’€ğŸ˜­,2024-06-02 19:04:38,8,0,en,OBRO7866,,7375952851732742954,negative
ğŸ˜±,2024-06-03 05:06:28,8,0,un,jamarp595,,7376107967970100010,neutral
I should've let him make review for my 2003 ford explorer before I sold itğŸ¤£ğŸ˜‚ğŸ˜‚ğŸ¤£ bet I would have sold it for 15kğŸ˜…ğŸ¤£ğŸ¤ª,2024-06-03 07:07:51,8,0,en,Zoevybz,,7376139239002571551,neutral
Hell nah,2024-06-02 18:27:05,8,0,en,Sully,,7375943241230877471,negative
I can already see it getting eyelashesğŸ˜­,2024-06-02 18:44:27,8,0,en,alledaholadequack,,7375947705904251678,neutral
I'm never buying a fiat again...I learned my lesson ğŸ˜­,2024-06-05 02:21:30,8,0,en,Alessandra,,7376807635512083231,negative
i would love to see you do a base model 500 just for comparison?,2024-06-03 07:36:07,8,0,en,melonman88,,7376146423534994219,positive
Iâ€™d rather have 3 older 500 Abarths,2024-06-02 18:46:17,8,0,en,TheSaabNerd9-5,,7375948156331557662,neutral
Old Fiats used to have a decent cross of fun and affordability for tight city drives. 34k does not hit the mark.,2024-06-03 20:30:43,8,0,en,Jason Tyler956,,7376346207699895045,negative
34k gets a used BMW,2024-06-08 14:06:22,8,0,en,JohnnyArmstrong,,7378102435242640158,neutral
ğŸ¤£ğŸ¤£,2024-06-07 01:40:30,8,0,un,Rafael,,7377539268744512286,neutral
who is keeping them in businessğŸ˜­,2024-06-05 01:56:28,8,0,en,Officialã€½ï¸arco,,7376801174282355499,negative
not even heated seats is crazy,2024-06-18 20:14:35,8,0,en,Akorba,,7381908230295323438,negative
"ğŸ˜‚ğŸ˜‚ It was a NO from me at $20,000. The come back move is the one. I was like especially NO now. ğŸ˜‚ğŸ˜‚ğŸ˜‚",2024-07-01 17:36:42,8,0,en,Bruiser,,7386691662019543839,negative
With the background sound I thought this was grand turismo,2024-06-03 01:42:01,8,0,en,UuuuuuuFfgddrr,,7376055303459537694,neutral
Fiat looking at this video like ğŸ‘€.. well thats not the outcome we were expecting.,2024-06-09 06:05:45,8,0,en,TheOneAndOnly,,7378349772007375647,negative
Iâ€™d rather buy an S1000rr and save me 2k,2024-06-26 01:41:44,8,0,en,ğŒ”ğ€ğŒ‰ğ‚ğŒ‰ğ„,,7384590184917189406,neutral
None of that is making it reliable,2024-06-28 11:28:38,8,0,en,No One,,7385483472590177067,negative
ğŸ˜†ğŸ˜†ğŸ˜†,2024-06-02 19:05:42,8,0,un,Crowded,,7375953167324988191,positive
"Tesla model 3 2023 costs Â£20,000 ($26,000)ğŸ’€",2024-06-03 16:58:26,8,0,en,é›ŒçŠ¬ğŸ‡¯ğŸ‡µ,,7376291439456207649,negative
I wouldnâ€™t pay 20$ for a Fiat,2024-06-02 17:24:39,8,0,en,camsmith486,,7375927117471843102,negative
I was like â€œoh okay thatâ€™s pretty alright for 19kâ€ but dang man ğŸ’€,2024-06-29 11:07:23,8,0,en,nitrofire.moto,,7385848890250314539,negative
"They'll be $19k in a year with all the rebates from not selling,just wait",2024-06-03 04:56:44,8,0,en,Bakjat,,7376105446409290539,neutral
For 34k you can literally get a lot more options even on the EV market. FCA/Stellantis lol. Yâ€™all are counting your days,2024-06-05 15:11:49,8,0,en,Alex LP,,7377005987637740331,neutral
ğŸ˜³ğŸ˜³ğŸ˜³,2024-06-02 19:24:33,8,0,un,Daniel Tyson,,7375958008978260782,neutral
King if the hill episode 1 â€œFix it again Tonyâ€ is all i can think about when i hear Fiat. Nice car tho ğŸ˜…,2024-06-05 23:41:19,8,0,en,raddğŸ’•,,7377137463007019819,neutral
I would save my money and just get a civic instead of this ğŸ’€,2024-06-03 04:40:40,8,0,en,itz_ Mashrur,,7376101374070981406,negative
bro kept me on the edge with all the turns...,2024-06-03 14:06:34,5,1,en,DahDoh,,7376247142928778015,neutral
19k worth of absolutely nothing,2024-06-03 22:18:32,7,0,en,Kev,,7376373961342878495,negative
that's horrible!!!,2024-06-03 22:21:33,7,0,en,Don Tate373,,7376374725007737646,negative
GEAR SELECTOR WHERE??,2024-06-22 21:41:13,7,0,en,bitchasskzai,,7383414929561797406,neutral
single cup? wtf,2024-06-24 06:27:56,7,0,en,Adriian Pacheco,,7383921765485986566,negative
How much is fiat paying people to drive this?,2024-06-03 16:51:28,7,0,en,Adam Sandler,,7376289639134839582,negative
I like it. they kept the original 500 look and made the battery size and power reasonable. just the price isn't really there yet,2024-06-05 13:37:22,7,0,en,schrolockğŸ¢,,7376981843939410694,positive
$19k in the USA? I think it's around 30k here ğŸ˜” not that I would buy one haha,2024-06-03 22:53:48,7,0,en,Boops84 ğŸ‘‘,,7376383004648342305,negative
How do you make a Fiat 500 weigh 1330 kg ğŸ˜­,2024-06-04 20:30:10,7,0,en,horaciopaganifan24,,7376717059144041248,negative
Not the gears as buttons ğŸ˜­ğŸ˜­,2024-06-20 23:19:29,7,0,en,Getrocknete Bananen,,7382698061632504608,negative
Man hn ğŸ˜‚,2024-06-02 17:33:36,7,0,de,O,,7375929372685599530,neutral
You know when the trunk space is bad when he brings out the â€œbut if you need more space you can put the rear seats downâ€,2024-06-04 00:44:08,7,0,en,Harry,,7376411291559199521,negative
"""be grateful."" ahh carğŸ’€ğŸ’€",2024-06-29 21:13:25,7,0,en,dio ğŸ”›ğŸ”ğŸ†™ï¸ğŸ™ğŸ™             ğŸ¦Ÿ,,7386005355766285061,neutral
34k for that? The buyers remorse is real lmao,2024-06-03 12:34:44,7,0,en,Liam,,7376223507142099718,negative
19000 for what? ğŸ’€,2024-06-08 18:34:55,7,0,en,edrisasadi07,,7378171744203195167,negative
Like... why even release it?,2024-06-04 03:33:43,7,0,en,CallesDMeridaYMexico,,7376455168001344262,negative
"Itâ€™s great car for Europe..,not for USA",2024-06-05 18:28:04,7,0,en,danieltvrdik,,7377056634657309486,positive
Neither heated nor ventilated caught me off guard ğŸ’€,2024-06-03 18:19:08,7,0,en,The wonder dog,,7376312236665651999,negative
Amazing find!,2024-06-06 20:44:09,7,0,en,b58.MX,,7377462862904918814,positive
Why donâ€™t they just sell this in gas so I can upgrade my Abarth. Iâ€™m not paying Tesla money for a Fiat.,2024-06-04 18:20:04,7,0,en,Brandoooo,,7376683606792307461,negative
Price is ridiculous,2024-06-04 00:02:12,7,0,en,Bud ğŸ‡µğŸ‡¸,,7376400676303946527,negative
"my Chevy sonic may not be electric, but it was half the price with better packages.",2024-06-07 09:13:47,7,0,en,Cait Can't Deal,,7377655976554087198,positive
Yay early ğŸ’¯ğŸ‘ğŸ˜,2024-06-02 17:57:55,7,0,en,Tak,,7375935732894466821,positive
Love your humor,2024-06-05 00:16:04,7,0,en,RenegadeRay,,7376775315408077610,positive
it's way too expensive but funny to drive,2024-06-05 09:29:54,7,0,en,z,,7376917892817208097,negative
Fiat Doblo better,2024-06-02 18:25:07,7,0,en,SmT,,7375942736610935558,neutral
I prefer to buy used Nissan Almeira,2024-06-03 21:31:48,7,0,en,Jon,,7376361922272314144,neutral
Fiat,2024-06-02 17:36:11,7,0,tr,Juan jaques Pelser,,7375930134836740870,neutral
Just buy a tesla at this point lol not even much more,2024-06-05 05:19:05,7,0,en,Riverain123,,7376853426740970245,neutral
Also is 20 year old platform,2024-06-03 05:02:06,6,0,en,user93883582359213,,7376106888569750278,negative
"soon they are going to start selling it with a real engine, not a toy car electric motor",2024-06-04 23:19:59,6,0,en,Eyal N,,7376760759177986817,neutral
Just buy a bmw,2024-06-02 18:42:56,6,0,en,Car_Editz016,,7375947264529728289,neutral
â€œNeither heated nor ventilatedâ€,2024-06-03 12:56:53,6,0,en,ğ–£‚,,7376229224204354309,neutral
Did they add DCFC? Not having it on the old model was by far the biggest L,2024-06-02 19:28:41,6,0,en,thislittlemaneuver,,7375959093033878277,negative
why are you not showing the music it plays outside when you are driving?,2024-06-04 19:49:21,6,0,en,frdrk_rbn,,7376706613723267872,neutral
No,2024-06-05 02:05:38,6,0,en,miltonruizbravo,,7376803530882237189,neutral
0 to 60 part is missing reason is...it took 5 bussiness days..ğŸ˜­,2024-06-03 07:51:58,6,0,en,RuvinH,,7376150650872627984,negative
"117hp(isn't a lot)
149 miles(isn't a lot)
Cost 19.000$(it's a lot)",2024-06-29 22:12:26,6,0,en,DenisMsl,,7386020545526432544,neutral
â€¦â€and makes noises!â€ğŸ˜©,2024-06-24 08:44:24,6,0,en,Harambe Kustomz,,7383956923736294150,neutral
I donâ€™t think weâ€™ve seen you put a car down like that,2024-06-02 23:34:33,6,0,en,Colin Moye,,7376022437031592735,neutral
wth did they put the Drive so far away FROM THE DRIVER ğŸ˜­ğŸ˜­,2024-06-03 07:18:03,6,0,en,Daniel :D,,7376141888268010246,negative
Question do the door handles brake as easy as the normal fiat 500?,2024-06-02 21:35:36,6,0,en,sj_66_q,,7375991815553516321,neutral
34k for that is wild ğŸ˜­,2024-06-03 02:39:39,6,0,en,._.,,7376070131850789638,negative
ğŸ’€ğŸ’€ğŸ’€ğŸ’€,2024-06-03 06:09:48,6,0,un,Savvas,,7376123882820780832,negative
get a kia rio,2024-06-04 21:47:49,6,0,en,BabyShakes,,7376737132755223302,neutral
Its meh,2024-06-03 06:53:19,6,0,en,Tia LambiğŸ”ğŸ‡¦ğŸ‡¹ğŸ‡§ğŸ‡·,,7376135410210194208,negative
how does the wifi works?ğŸ˜­,2024-06-03 07:29:56,6,0,en,1âƒ£2âƒ£5âƒ£CCğŸğŸğŸ,,7376144872111735584,neutral
Better of with my moms hyundai i10,2024-06-02 19:08:56,6,0,en,â€¦,,7375953811750585104,neutral
unrenderd car,2024-06-03 19:39:30,6,0,en,Luell,,7376332997127439110,neutral
Think you should still do the good of it not downplay it for those in that price range and are looking,2024-07-06 12:42:21,6,0,en,KfundoğŸ¤©,,7388471262038967073,neutral
The end has me ğŸ’€,2024-06-04 02:29:33,6,0,en,PS,,7376438641084728069,negative
I worked for a car rental company in Portugal and we had these fiats. I rented one for a month and theyâ€™re honestly a very good little car the one I had did have heated seats and it was the base model,2024-06-03 02:39:35,6,0,en,Just a pebl,,7376069649321018144,positive
I have the 2018 500x and she is my BABY. I LOVE HER.,2024-06-05 01:07:54,6,0,en,Maria,,7376788638250582826,positive
Not The Camera Man Laughing ğŸ¤£,2024-06-03 00:44:07,6,0,en,TE MO SHO II,,7376027325199401734,neutral
Thatâ€™s horrible,2024-06-04 04:01:53,6,0,en,aleksandrszabo,,7376462402479489834,negative
I really thought they got discontinued,2024-06-03 08:58:53,6,0,en,Julianâ€‚Falconeâ€‚ğŸ’œğŸ«¶ğŸ¼ğŸ¤,,7376167860023362310,negative
lmao,2024-06-03 19:48:39,6,0,en,Sirr Christopher Zar,,7376335267584279339,neutral
"dam, for 19000 that would be a great car ğŸ˜‚",2024-06-02 21:54:38,6,0,en,Spooopjosh,,7375996690610946849,positive
I am good,2024-06-02 19:14:36,6,0,en,Tshepi3499,,7375955502326448902,positive
Good luck,2024-06-02 22:16:35,6,0,en,Pending047,,7376002375750320902,positive
How much!?,2024-06-03 12:28:39,6,0,en,Boujee Views,,7376221859090219808,neutral
that is niether heated nor ventilated ğŸ˜‚ğŸ˜‚,2024-06-06 07:56:16,6,0,en,Talha Shah,,7377265012949598982,negative
niceee,2024-06-02 17:24:01,6,0,en,sarbbu,,7375926951737639713,positive
Storage under the passenger seat,2024-06-02 18:13:29,6,0,en,Samuel Pedrote,,7375939736354046726,neutral
Was this promo or a Diss ? ğŸ˜­,2024-06-23 02:58:55,6,0,en,PWRplays444,,7383496832695796511,neutral
Considering they started at 500cc 117 hp quick enough for a little yoke like that,2024-06-03 11:36:59,6,0,en,Charlie_lynch,,7376208498113954593,neutral
ğŸ˜ƒğŸ˜ƒğŸ˜ƒ,2024-06-03 00:11:23,6,0,un,Thenon Human,,7376031902341645089,positive
let them keep itğŸ˜¹ğŸ˜¹ğŸ˜¹,2024-06-02 17:41:35,6,0,en,MÃ¤Å›Ä·Ã­Ä—,,7375931526376375046,neutral
why waste that much space on a gear selector?!?,2024-06-02 23:03:26,6,0,en,Braiden Rostek,,7376014458503578373,negative
I can buy 19 E46s for that price smh,2024-06-02 22:08:00,6,0,en,SLO,,7376000157365666592,negative
"so, it's just a fancy Panda",2024-06-02 17:32:15,6,0,en,Kaszyyn,,7375929098721542944,neutral
ğŸ˜‚,2024-06-03 04:06:40,6,0,un,Dr. Gimenez,,7376092582805668613,neutral
Itâ€™s a compliance car,2024-06-04 22:03:21,6,0,en,Kush,,7376741122549629701,neutral
34k bro you could buy something so much better only an insane person would buy this,2024-06-03 22:23:31,6,0,en,will â¸†â¸‰  à½¼,,7376375174130844458,positive
34k....that makes no sense! it's only 25k in Ireland and our cars are usually waaayyyy more expensive.,2024-06-03 00:10:42,6,0,en,Darren,,7376031724566987553,negative
It's Christmas everyday when you start you Fiat 500e,2024-06-03 04:19:32,6,0,en,colinfinkle,,7376095918770242309,positive
Or is it,2024-06-05 00:37:08,6,0,en,Rick Dolishny,,7376780749397902085,neutral
that's way to expensive bruhğŸ’€,2024-06-02 17:27:24,6,0,en,Alexei,,7375927830850585376,negative
Can you do audi a8,2024-06-02 18:22:22,6,0,en,mehoggg,,7375941973147173664,neutral
First,2024-06-02 17:21:22,6,0,en,MarX,,7375926200772854571,neutral
But it is so cool,2024-06-04 08:43:06,6,0,en,iloper1,,7376534777061524257,positive
This was brutal ğŸ˜‚ğŸ˜‚,2024-06-02 17:34:22,6,0,en,Rick,,7375929660586279711,negative
i like the gear selector,2024-06-02 17:40:35,6,0,en,ğŸ½MelkerğŸ½,,7375931231185355553,positive
in europe its like 50.000 euros,2024-06-04 05:13:29,6,0,en,Milu Dan,,7376480137456059168,neutral
ğŸ˜³ğŸ˜³ğŸ˜³,2024-06-04 07:05:22,6,0,un,Rasmus,,7376509533088973600,neutral
sike,2024-06-02 20:28:41,6,0,en,ferdi.b02,,7375974530198782753,negative
Why is the gear selector there??????? whyyyy,2024-06-02 18:20:17,6,0,en,lancenonamen,,7375941501286941446,negative
PLIS DO SKODA OCTAVIA STYLE 2023,2024-06-02 18:16:53,6,0,en,à»ˆà»ˆà»ˆ,,7375940575419925280,neutral
I'd rather buy a 3rd hand vw golf with 200k miles on it and it'd be more reliable and cheap to fix,2024-06-30 04:03:46,6,0,en,weluvadee,,7386110293347566369,neutral
Honestly they need Fiat/Stellantis needs to go back to the drawing board. If they were serious they could've made this car cheaper.,2024-06-24 21:28:36,6,0,en,QBert,,7384153866403660550,negative
China has cheaper and better EVs but they got slapped with high taxes becoz they too good. ğŸ˜…,2024-06-29 12:56:44,6,0,en,minenhle sibaya,,7385877406642897670,negative
"FIAT, fix it again Tony",2024-06-05 19:22:51,6,0,en,kyle,,7377070888610628357,neutral
34k for a base model fiatâ€¦,2024-06-02 19:10:21,6,0,en,Mr Lowery,,7375954366605706027,neutral
bro only said what the car didn't haveğŸ¤£,2024-06-05 19:40:25,6,0,en,Dylan Maneveld,,7377075402344792838,neutral
Button gear selectors < shifter,2024-06-26 01:10:06,6,0,en,logan.madagascar,,7384582044120400658,neutral
Urban runaround ev,2024-06-05 04:24:36,6,0,en,iansvodotcom,,7376839385104941830,neutral
button gear selector is cooked ğŸ’€,2024-06-03 08:19:46,6,0,en,vish,,7376157655499653921,negative
can you pls do Nissan S14,2024-06-07 03:05:32,6,0,en,Cipho Nzima,,7377561173782741765,neutral
ğŸ’€ğŸ’€ğŸ’€,2024-06-03 22:50:29,5,0,un,Pedro,,7376382178458387233,negative
For that price I rather a dct Elantra N,2024-06-03 11:33:25,5,0,en,COLBY4TIMES____,,7376207403216847646,neutral
149 miles range?!! theyâ€™ve lost their minds ğŸ˜­,2024-06-03 18:48:20,5,0,en,eliudy,,7376319739964146475,negative
This only comes in 2 configurations btw (red and black),2024-06-10 19:01:23,5,0,en,julian,,7378920725288289054,neutral
why are you reviewing a fiat 500 ğŸ™ğŸ˜­ğŸ˜­,2024-06-03 10:33:48,5,0,en,Harri,,7376192160486671136,negative
Oh heck nah. Get a new Nissan Versa.,2024-06-26 22:42:14,5,0,en,Lion,,7384915035783267103,negative
Psych ğŸ˜­ğŸ˜­ğŸ˜­,2024-06-04 03:53:13,5,0,pl,Alexander Solo,,7376460166726730539,negative
I would rather pick a Citroen ami,2024-07-09 00:00:54,5,0,en,KAMZ,,7389388324446110497,neutral
That isnâ€™t the base model. The base model costs 23k,2024-06-02 21:27:41,5,0,en,mhliwnhss,,7375989759887819552,neutral
I'll take it for like 10k ğŸ˜‚. that's just an expensive go-kart.,2024-06-05 07:53:39,5,0,en,Simp.Lee.J,,7376893086465688362,neutral
39K? In 2020 My dad got a Audi A5 for 32K,2024-06-02 21:55:15,5,0,en,tamz1299,,7375996873972237089,neutral
19k wouldâ€™ve been too much,2024-06-04 21:40:59,5,0,en,longovfx,,7376735335319438126,neutral
FIAT- Fix It Again Tomorrow,2024-06-02 17:30:34,5,0,en,á›‰ N89T á›,,7375928651155948320,neutral
What do you make of the Fiat 600?,2024-07-02 20:59:24,5,0,en,Talia Black,,7387115032057987872,neutral
you should review the honda zrv,2024-06-02 17:49:30,5,0,en,MaxBarratt31,,7375933479471989536,neutral
fiat 500 e (waste),2024-06-03 13:06:44,5,0,en,Develegas,,7376231735568122656,neutral
Itâ€™s not bad itâ€™s a disaster of a car ğŸ˜‚,2024-06-05 06:27:13,4,0,en,J.Enriquez10,,7376870959695627039,negative
You got me with the 19k lol,2024-06-05 00:51:11,4,0,en,Jonathan,,7376784354955821870,positive
$34k for that ğŸ’€,2024-06-05 17:26:39,4,0,en,gumslummers,,7377040811312071467,negative
â€œğŸµ riding in my fiatğŸµâ€ really fell off,2024-06-30 08:08:31,4,0,en,Steveâ€¦.,,7386174116967891755,neutral
I think this is the worst hes talked about a car lmao,2024-07-01 07:45:37,4,0,en,Kevin Petrizzo,,7386539334545408810,negative
Last time he gets a Fiat to test. lol.,2024-06-04 16:38:20,4,0,en,user440069518243,,7376657321987179294,neutral
Yeah ima just take an accord or any other car around the 30k price ğŸ˜‚,2024-06-05 06:36:27,4,0,en,Sloppysz,,7376873307717927711,neutral
It just kept getting worse ğŸ˜­ğŸ˜­,2024-06-05 15:51:49,4,0,en,KD Lemons,,7377016417126728479,negative
Damn Model Y and model 3 gonna eat that guy for breakfast,2024-06-04 17:17:13,4,0,en,Nile,,7376667305568600878,negative
"I like fiat, but 150 miles is unacceptable for 34k",2024-06-21 02:58:23,4,0,en,Rels,,7382754477450036011,negative
â€œneither heated nor ventilatedâ€ ğŸ˜­ğŸ˜­ğŸ˜­,2024-07-22 16:19:07,4,0,en,notzayy,,7394464429075940127,negative
"na 34k for that is CRAZY, they smoking something over at fiat ğŸ˜‚",2024-06-16 13:50:10,4,0,en,Terrance Graves,,7381066874166149919,negative
wowâ€¦. just wow ğŸ˜,2024-06-04 19:55:40,4,0,en,isiahlee10,,7376708161548419883,negative
"$19k is TOO MUCH for this, let alone $34k.. ğŸ‘€",2024-07-01 13:42:44,4,0,en,maryroseketchum58,,7386631279695807278,negative
as a two fiat 500 owner Iâ€™ll keep my low price and heated seats,2024-06-05 20:04:48,4,0,en,Ryanne J.,,7377081656584667935,neutral
